{"paragraphs":[{"text":"%md\n### Note\n\nPlease view the [README](https://github.com/deeplearning4j/dl4j-examples/blob/master/tutorials/README.md) to learn about installing, setting up dependencies, and importing notebooks in Zeppelin","user":"anonymous","dateUpdated":"2017-11-11T21:58:21+0000","config":{"colWidth":12,"fontSize":9,"enabled":true,"results":{},"editorSetting":{"language":"markdown","editOnDblClick":true},"editorMode":"ace/mode/markdown","editorHide":true,"tableHide":false},"settings":{"params":{},"forms":{}},"results":{"code":"SUCCESS","msg":[{"type":"HTML","data":"<div class=\"markdown-body\">\n<h3>Note</h3>\n<p>Please view the <a href=\"https://github.com/deeplearning4j/dl4j-examples/blob/master/tutorials/README.md\">README</a> to learn about installing, setting up dependencies, and importing notebooks in Zeppelin</p>\n</div>"}]},"apps":[],"jobName":"paragraph_1510437497364_-708084587","id":"20171111-215817_1358882886","dateCreated":"2017-11-11T21:58:17+0000","dateStarted":"2017-11-11T21:58:21+0000","dateFinished":"2017-11-11T21:58:21+0000","status":"FINISHED","progressUpdateIntervalMs":500,"focus":true,"$$hashKey":"object:218"},{"text":"%md\n\n### Background\n\nWhen training neural networks, it is important to avoid overfitting the training data. Overfitting occurs when the neural network learns the noise in the training data and thus does not generalize well to data it has not been trained on. One hyperparameter that affects whether the neural network will overfit or not is the number of epochs or complete passes through the training split. If we use too many epochs, then the neural network is likely to overfit. On the other hand, if we use too few epochs, the neural network might not have the chance to learn fully from the training data.\n\nEarly stopping is one mechanism used to manually set the number of epochs to prevent underfitting and overfitting. The idea behind early stopping is intuitive. First the data is split into training and testing sets. At the end of each epoch, the neural network is evaluated on the test set. If the neural network outperforms the previous best model, then we save the neural network. The best overall model is then taken to be the final model. \n\nIn this tutorial we will show how to use early stopping with deeplearning4j (DL4J). We will apply the method on a feed forward neural network using the MNIST dataset, which is a dataset consisting of handwritten digits.\n\n","dateUpdated":"2017-11-11T21:56:14+0000","config":{"tableHide":false,"editorSetting":{"language":"markdown","editOnDblClick":true},"colWidth":12,"editorMode":"ace/mode/markdown","fontSize":9,"editorHide":true,"results":{},"enabled":true},"settings":{"params":{},"forms":{}},"results":{"code":"SUCCESS","msg":[{"type":"HTML","data":"<div class=\"markdown-body\">\n<h3>Background</h3>\n<p>When training neural networks, it is important to avoid overfitting the training data. Overfitting occurs when the neural network learns the noise in the training data and thus does not generalize well to data it has not been trained on. One hyperparameter that affects whether the neural network will overfit or not is the number of epochs or complete passes through the training split. If we use too many epochs, then the neural network is likely to overfit. On the other hand, if we use too few epochs, the neural network might not have the chance to learn fully from the training data.</p>\n<p>Early stopping is one mechanism used to manually set the number of epochs to prevent underfitting and overfitting. The idea behind early stopping is intuitive. First the data is split into training and testing sets. At the end of each epoch, the neural network is evaluated on the test set. If the neural network outperforms the previous best model, then we save the neural network. The best overall model is then taken to be the final model. </p>\n<p>In this tutorial we will show how to use early stopping with deeplearning4j (DL4J). We will apply the method on a feed forward neural network using the MNIST dataset, which is a dataset consisting of handwritten digits.</p>\n</div>"}]},"apps":[],"jobName":"paragraph_1510437374153_-995989153","id":"20171108-224832_1458853760","dateCreated":"2017-11-11T21:56:14+0000","status":"READY","errorMessage":"","progressUpdateIntervalMs":500,"$$hashKey":"object:219"},{"text":"%md\n### Imports","dateUpdated":"2017-11-11T21:56:14+0000","config":{"tableHide":false,"editorSetting":{"language":"markdown","editOnDblClick":true},"colWidth":12,"editorMode":"ace/mode/markdown","fontSize":9,"editorHide":true,"results":{},"enabled":true},"settings":{"params":{},"forms":{}},"results":{"code":"SUCCESS","msg":[{"type":"HTML","data":"<div class=\"markdown-body\">\n<h3>Imports</h3>\n</div>"}]},"apps":[],"jobName":"paragraph_1510437374155_-815351122","id":"20171108-224958_664143393","dateCreated":"2017-11-11T21:56:14+0000","status":"READY","errorMessage":"","progressUpdateIntervalMs":500,"$$hashKey":"object:220"},{"text":"import org.apache.commons.io.FilenameUtils;\nimport org.nd4j.linalg.activations.Activation\nimport org.nd4j.linalg.dataset.api.iterator.DataSetIterator\nimport org.deeplearning4j.datasets.iterator.impl.MnistDataSetIterator\nimport org.deeplearning4j.earlystopping.EarlyStoppingConfiguration;\nimport org.deeplearning4j.earlystopping.EarlyStoppingModelSaver;\nimport org.deeplearning4j.earlystopping.EarlyStoppingResult;\nimport org.deeplearning4j.earlystopping.saver.LocalFileModelSaver;\nimport org.deeplearning4j.earlystopping.scorecalc.DataSetLossCalculator;\nimport org.deeplearning4j.earlystopping.termination.MaxEpochsTerminationCondition;\nimport org.deeplearning4j.earlystopping.termination.MaxTimeIterationTerminationCondition;\nimport org.deeplearning4j.earlystopping.trainer.EarlyStoppingTrainer;\nimport org.deeplearning4j.eval.Evaluation\nimport org.deeplearning4j.nn.api.OptimizationAlgorithm\nimport org.deeplearning4j.nn.conf.MultiLayerConfiguration\nimport org.deeplearning4j.nn.conf.NeuralNetConfiguration\nimport org.deeplearning4j.nn.conf.Updater\nimport org.deeplearning4j.nn.conf.layers.DenseLayer\nimport org.deeplearning4j.nn.conf.layers.OutputLayer\nimport org.deeplearning4j.nn.multilayer.MultiLayerNetwork\nimport org.deeplearning4j.nn.weights.WeightInit\nimport org.deeplearning4j.optimize.listeners.ScoreIterationListener\nimport org.nd4j.linalg.api.ndarray.INDArray\nimport org.nd4j.linalg.dataset.DataSet\nimport org.nd4j.linalg.lossfunctions.LossFunctions.LossFunction\nimport org.slf4j.Logger\nimport org.slf4j.LoggerFactory\n\nimport java.io.File;\nimport java.util.concurrent.TimeUnit;\n","dateUpdated":"2017-11-11T21:56:14+0000","config":{"editorSetting":{"language":"scala"},"colWidth":12,"editorMode":"ace/mode/scala","fontSize":9,"results":{},"enabled":true},"settings":{"params":{},"forms":{}},"results":{"code":"SUCCESS","msg":[{"type":"TEXT","data":"import org.apache.commons.io.FilenameUtils\nimport org.nd4j.linalg.activations.Activation\nimport org.nd4j.linalg.dataset.api.iterator.DataSetIterator\nimport org.deeplearning4j.datasets.iterator.impl.MnistDataSetIterator\nimport org.deeplearning4j.earlystopping.EarlyStoppingConfiguration\nimport org.deeplearning4j.earlystopping.EarlyStoppingModelSaver\nimport org.deeplearning4j.earlystopping.EarlyStoppingResult\nimport org.deeplearning4j.earlystopping.saver.LocalFileModelSaver\nimport org.deeplearning4j.earlystopping.scorecalc.DataSetLossCalculator\nimport org.deeplearning4j.earlystopping.termination.MaxEpochsTerminationCondition\nimport org.deeplearning4j.earlystopping.termination.MaxTimeIterationTerminationCondition\nimport org.deeplearning4j.earlystopping.trainer.EarlyStoppingTrainer\nimport org.deeplearning4j.eval.Evaluation\nimport org.deeplearning4j.nn.api.OptimizationAlgorithm\nimport org.deeplearning4j.nn.conf.MultiLayerConfiguration\nimport org.deeplearning4j.nn.conf.NeuralNetConfiguration\nimport org.deeplearning4j.nn.conf.Updater\nimport org.deeplearning4j.nn.conf.layers.DenseLayer\nimport org.deeplearning4j.nn.conf.layers.OutputLayer\nimport org.deeplearning4j.nn.multilayer.MultiLayerNetwork\nimport org.deeplearning4j.nn.weights.WeightInit\nimport org.deeplearning4j.optimize.listeners.ScoreIterationListener\nimport org.nd4j.linalg.api.ndarray.INDArray\nimport org.nd4j.linalg.dataset.DataSet\nimport org.nd4j.linalg.lossfunctions.LossFunctions.LossFunction\nimport org.slf4j.Logger\nimport org.slf4j.LoggerFactory\nimport java.io.File\nimport java.util.concurrent.TimeUnit\n"}]},"apps":[],"jobName":"paragraph_1510437374157_-1161551181","id":"20171108-225047_1837703499","dateCreated":"2017-11-11T21:56:14+0000","status":"READY","errorMessage":"","progressUpdateIntervalMs":500,"$$hashKey":"object:221"},{"text":"%md\n\nNow that we have imported everything needed to run this tutorial, we can start by setting the parameters for the neural network and initializing the data. We will set the maximum number of epochs to run early stopping on to be 15.","dateUpdated":"2017-11-11T21:56:14+0000","config":{"tableHide":false,"editorSetting":{"language":"markdown","editOnDblClick":true},"colWidth":12,"editorMode":"ace/mode/markdown","fontSize":9,"editorHide":true,"results":{},"enabled":true},"settings":{"params":{},"forms":{}},"results":{"code":"SUCCESS","msg":[{"type":"HTML","data":"<div class=\"markdown-body\">\n<p>Now that we have imported everything needed to run this tutorial, we can start by setting the parameters for the neural network and initializing the data. We will set the maximum number of epochs to run early stopping on to be 15.</p>\n</div>"}]},"apps":[],"jobName":"paragraph_1510437374159_1544515000","id":"20171108-225748_224585712","dateCreated":"2017-11-11T21:56:14+0000","status":"READY","errorMessage":"","progressUpdateIntervalMs":500,"$$hashKey":"object:222"},{"text":"val numRows = 28\nval numColumns = 28\nval outputNum = 10 \nval batchSize = 128\nval rngSeed = 123\n\nval mnistTrain: DataSetIterator = new MnistDataSetIterator(batchSize, true, rngSeed)\nval mnistTest: DataSetIterator = new MnistDataSetIterator(batchSize, false, rngSeed)\n\n","dateUpdated":"2017-11-11T21:56:14+0000","config":{"editorSetting":{"language":"scala"},"colWidth":12,"editorMode":"ace/mode/scala","fontSize":9,"results":{},"enabled":true},"settings":{"params":{},"forms":{}},"results":{"code":"SUCCESS","msg":[{"type":"TEXT","data":"numRows: Int = 28\nnumColumns: Int = 28\noutputNum: Int = 10\nbatchSize: Int = 128\nrngSeed: Int = 123\nmnistTrain: org.nd4j.linalg.dataset.api.iterator.DataSetIterator = org.deeplearning4j.datasets.iterator.impl.MnistDataSetIterator@3eaf8e8f\nmnistTest: org.nd4j.linalg.dataset.api.iterator.DataSetIterator = org.deeplearning4j.datasets.iterator.impl.MnistDataSetIterator@3332e6f7\n"}]},"apps":[],"jobName":"paragraph_1510437374160_761633939","id":"20171108-225007_1943293802","dateCreated":"2017-11-11T21:56:14+0000","status":"READY","errorMessage":"","progressUpdateIntervalMs":500,"$$hashKey":"object:223"},{"text":"%md\n\nNext we will set the neural network configuration using the MultiLayerNetwork class of DL4J and initialize the MultiLayerNetwork.","dateUpdated":"2017-11-11T21:56:14+0000","config":{"tableHide":false,"editorSetting":{"language":"markdown","editOnDblClick":true},"colWidth":12,"editorMode":"ace/mode/markdown","fontSize":9,"editorHide":true,"results":{},"enabled":true},"settings":{"params":{},"forms":{}},"results":{"code":"SUCCESS","msg":[{"type":"HTML","data":"<div class=\"markdown-body\">\n<p>Next we will set the neural network configuration using the MultiLayerNetwork class of DL4J and initialize the MultiLayerNetwork.</p>\n</div>"}]},"apps":[],"jobName":"paragraph_1510437374161_827834909","id":"20171108-225900_40053262","dateCreated":"2017-11-11T21:56:14+0000","status":"READY","errorMessage":"","progressUpdateIntervalMs":500,"$$hashKey":"object:224"},{"text":"val conf : MultiLayerConfiguration = new NeuralNetConfiguration.Builder()\n        .seed(rngSeed) //include a random seed for reproducibility\n        // use stochastic gradient descent as an optimization algorithm\n        .optimizationAlgo(OptimizationAlgorithm.STOCHASTIC_GRADIENT_DESCENT)\n        .iterations(1)\n        .learningRate(0.006) //specify the learning rate\n        .updater(Updater.NESTEROVS)\n        .regularization(true).l2(1e-4)\n        .list()\n        .layer(0, new DenseLayer.Builder() //create the first, input layer with xavier initialization\n                .nIn(numRows * numColumns)\n                .nOut(1000)\n                .activation(Activation.RELU)\n                .weightInit(WeightInit.XAVIER)\n                .build())\n        .layer(1, new OutputLayer.Builder(LossFunction.NEGATIVELOGLIKELIHOOD) //create hidden layer\n                .nIn(1000)\n                .nOut(outputNum)\n                .activation(Activation.SOFTMAX)\n                .weightInit(WeightInit.XAVIER)\n                .build())\n        .pretrain(false).backprop(true) //use backpropagation to adjust weights\n        .build()\n                \nval model : MultiLayerNetwork = new MultiLayerNetwork(conf)","dateUpdated":"2017-11-11T21:59:58+0000","config":{"tableHide":true,"editorSetting":{"language":"scala","editOnDblClick":true},"colWidth":12,"editorMode":"ace/mode/scala","fontSize":9,"editorHide":false,"results":{},"enabled":true},"settings":{"params":{},"forms":{}},"results":{"code":"SUCCESS","msg":[{"type":"TEXT","data":"conf: org.deeplearning4j.nn.conf.MultiLayerConfiguration =\n{\n  \"backprop\" : true,\n  \"backpropType\" : \"Standard\",\n  \"cacheMode\" : \"NONE\",\n  \"confs\" : [ {\n    \"cacheMode\" : \"NONE\",\n    \"iterationCount\" : 0,\n    \"l1ByParam\" : { },\n    \"l2ByParam\" : { },\n    \"layer\" : {\n      \"dense\" : {\n        \"activationFn\" : {\n          \"ReLU\" : { }\n        },\n        \"adamMeanDecay\" : \"NaN\",\n        \"adamVarDecay\" : \"NaN\",\n        \"biasInit\" : 0.0,\n        \"biasLearningRate\" : 0.006,\n        \"dist\" : null,\n        \"dropOut\" : 0.0,\n        \"epsilon\" : \"NaN\",\n        \"gradientNormalization\" : \"None\",\n        \"gradientNormalizationThreshold\" : 1.0,\n        \"iupdater\" : {\n          \"@class\" : \"org.nd4j.linalg.learning.config.Nesterovs\",\n          \"learningRate\" : 0.006,\n          \"momentum\" : 0.9\n        }...model: org.deeplearning4j.nn.multilayer.MultiLayerNetwork = org.deeplearning4j.nn.multilayer.MultiLayerNetwork@7fda1b5e\n"}]},"apps":[],"jobName":"paragraph_1510437374161_-1442982801","id":"20171108-225941_694043039","dateCreated":"2017-11-11T21:56:14+0000","status":"READY","errorMessage":"","progressUpdateIntervalMs":500,"$$hashKey":"object:225"},{"text":"%md\n\nIf we weren't using early stopping, we would proceed by training the neural network using for loops and the fit method of the MultiLayerNetwork. But since we are using early stopping we need to configure how early stopping will be applied. Looking at the next cell, we will use a maximum epoch number of 10 and a maximum training time of 5 minutes. The evaluation will be done on mnistTest after each epoch. Each model will be saved in the DL4JEarlyStoppingExample directory that we specified.\n\nOnce the EarlyStoppingConfiguration is specified, we only need to initialize an EarlyStoppingTrainer using the training data and the two previous configuraitons. The results are obtained just by calling the fit method of EarlyStoppingTrainer.","user":"anonymous","dateUpdated":"2017-11-11T22:01:03+0000","config":{"tableHide":false,"editorSetting":{"language":"markdown","editOnDblClick":true},"colWidth":12,"editorMode":"ace/mode/markdown","fontSize":9,"editorHide":true,"results":{},"enabled":true},"settings":{"params":{},"forms":{}},"results":{"code":"SUCCESS","msg":[{"type":"HTML","data":"<div class=\"markdown-body\">\n<p>If we weren&rsquo;t using early stopping, we would proceed by training the neural network using for loops and the fit method of the MultiLayerNetwork. But since we are using early stopping we need to configure how early stopping will be applied. Looking at the next cell, we will use a maximum epoch number of 10 and a maximum training time of 5 minutes. The evaluation will be done on mnistTest after each epoch. Each model will be saved in the DL4JEarlyStoppingExample directory that we specified.</p>\n<p>Once the EarlyStoppingConfiguration is specified, we only need to initialize an EarlyStoppingTrainer using the training data and the two previous configuraitons. The results are obtained just by calling the fit method of EarlyStoppingTrainer.</p>\n</div>"}]},"apps":[],"jobName":"paragraph_1510437374162_-1750851886","id":"20171108-230018_591188569","dateCreated":"2017-11-11T21:56:14+0000","dateStarted":"2017-11-11T22:01:04+0000","dateFinished":"2017-11-11T22:01:04+0000","status":"FINISHED","progressUpdateIntervalMs":500,"$$hashKey":"object:226"},{"text":"val tempDir : String = System.getProperty(\"java.io.tmpdir\")\nval exampleDirectory : String = FilenameUtils.concat(tempDir, \"DL4JEarlyStoppingExample/\")\nval dirFile : File = new File(exampleDirectory)\ndirFile.mkdir()\n\nval saver  = new LocalFileModelSaver(exampleDirectory)\n\nval esConf  = new EarlyStoppingConfiguration.Builder()\n\t\t.epochTerminationConditions(new MaxEpochsTerminationCondition(10))\n\t\t.iterationTerminationConditions(new MaxTimeIterationTerminationCondition(5, TimeUnit.MINUTES))\n\t\t.scoreCalculator(new DataSetLossCalculator(mnistTest, true))\n        .evaluateEveryNEpochs(1)\n\t\t.modelSaver(saver)\n\t\t.build()\n\nval trainer  = new EarlyStoppingTrainer(esConf,conf,mnistTrain)\nval result = trainer.fit()","dateUpdated":"2017-11-11T21:56:14+0000","config":{"tableHide":true,"editorSetting":{"language":"scala","editOnDblClick":true},"colWidth":12,"editorMode":"ace/mode/scala","fontSize":9,"editorHide":false,"results":{},"enabled":true},"settings":{"params":{},"forms":{}},"results":{"code":"SUCCESS","msg":[{"type":"TEXT","data":"tempDir: String = /tmp\nexampleDirectory: String = /tmp/DL4JEarlyStoppingExample/\ndirFile: java.io.File = /tmp/DL4JEarlyStoppingExample\nres4: Boolean = false\nsaver: org.deeplearning4j.earlystopping.saver.LocalFileModelSaver = LocalFileModelSaver(dir=/tmp/DL4JEarlyStoppingExample/)\nesConf: org.deeplearning4j.earlystopping.EarlyStoppingConfiguration[org.deeplearning4j.nn.multilayer.MultiLayerNetwork] = EarlyStoppingConfiguration(modelSaver=LocalFileModelSaver(dir=/tmp/DL4JEarlyStoppingExample/), epochTerminationConditions=[MaxEpochsTerminationCondition(10)], iterationTerminationConditions=[MaxTimeIterationTerminationCondition(5,unit=MINUTES)], saveLastModel=false, evaluateEveryNEpochs=1, scoreCalculator=DataSetLossCalculator(org.deeplearning4j.datasets.iterator.impl.MnistDataSetIterator@3332e6f7,average=true))\ntrainer: org.deeplearning4j.earlystopping.trainer.EarlyStoppingTrainer = org.deeplearning4j.earlystopping.trainer.EarlyStoppingTrainer@76ceac5f\nresult: org.deeplearning4j.earlystopping.EarlyStoppingResult[org.deeplearning4j.nn.multilayer.MultiLayerNetwork] = EarlyStoppingResult(terminationReason=IterationTerminationCondition,details=MaxTimeIterationTerminationCondition(5,unit=MINUTES),bestModelEpoch=3,bestModelScore=0.1874448861151912,totalEpochs=4)\n"}]},"apps":[],"jobName":"paragraph_1510437374163_-1621964153","id":"20171108-230235_1706388499","dateCreated":"2017-11-11T21:56:14+0000","status":"READY","errorMessage":"","progressUpdateIntervalMs":500,"$$hashKey":"object:227"},{"text":"%md\n\nWe can then print out the details of the best model.","dateUpdated":"2017-11-11T21:56:14+0000","config":{"tableHide":false,"editorSetting":{"language":"markdown","editOnDblClick":true},"colWidth":12,"editorMode":"ace/mode/markdown","fontSize":9,"editorHide":true,"results":{},"enabled":true},"settings":{"params":{},"forms":{}},"results":{"code":"SUCCESS","msg":[{"type":"HTML","data":"<div class=\"markdown-body\">\n<p>We can then print out the details of the best model.</p>\n</div>"}]},"apps":[],"jobName":"paragraph_1510437374164_129929722","id":"20171108-230434_984201608","dateCreated":"2017-11-11T21:56:14+0000","status":"READY","errorMessage":"","progressUpdateIntervalMs":500,"$$hashKey":"object:228"},{"text":"println(\"Termination reason: \" + result.getTerminationReason())\nprintln(\"Termination details: \" + result.getTerminationDetails())\nprintln(\"Total epochs: \" + result.getTotalEpochs())\nprintln(\"Best epoch number: \" + result.getBestModelEpoch())\nprintln(\"Score at best epoch: \" + result.getBestModelScore())","dateUpdated":"2017-11-11T21:56:14+0000","config":{"tableHide":false,"editorSetting":{"language":"scala","editOnDblClick":true},"colWidth":12,"editorMode":"ace/mode/scala","fontSize":9,"editorHide":true,"results":{},"enabled":true},"settings":{"params":{},"forms":{}},"results":{"code":"SUCCESS","msg":[{"type":"TEXT","data":"Termination reason: IterationTerminationCondition\nTermination details: MaxTimeIterationTerminationCondition(5,unit=MINUTES)\nTotal epochs: 4\nBest epoch number: 3\nScore at best epoch: 0.1874448861151912\n"}]},"apps":[],"jobName":"paragraph_1510437374164_413707665","id":"20171108-231635_1393261152","dateCreated":"2017-11-11T21:56:14+0000","status":"READY","errorMessage":"","progressUpdateIntervalMs":500,"$$hashKey":"object:229"},{"dateUpdated":"2017-11-11T21:56:14+0000","config":{"editorSetting":{"language":"scala"},"colWidth":12,"editorMode":"ace/mode/scala","fontSize":9,"results":{},"enabled":true},"settings":{"params":{},"forms":{}},"apps":[],"jobName":"paragraph_1510437374165_1576583146","id":"20171110-000126_889916202","dateCreated":"2017-11-11T21:56:14+0000","status":"READY","errorMessage":"","progressUpdateIntervalMs":500,"$$hashKey":"object:230"}],"name":"Early Stopping","id":"2CXGY9YRU","angularObjects":{"2CXKS4RR8:shared_process":[],"2CXVH1GF7:shared_process":[],"2CZAEBQP7:shared_process":[],"2CX5WZYD4:shared_process":[],"2CXJPFVHW:shared_process":[],"2CZASDS5V:shared_process":[],"2D13EC3VH:shared_process":[],"2CXVEUZ3C:shared_process":[],"2CXATMVZK:shared_process":[],"2D11MFNK1:shared_process":[],"2CXWYW852:shared_process":[],"2CZMRBKWE:shared_process":[],"2CXY4JFHM:shared_process":[],"2D15TEF35:shared_process":[],"2CX3FQW2D:shared_process":[],"2CY988JQU:shared_process":[],"2CWSQUZRR:shared_process":[],"2CXYHPHQV:shared_process":[],"2CYC5QFNN:shared_process":[],"2CZ1CZ3TN:shared_process":[]},"config":{"looknfeel":"default","personalizedMode":"false"},"info":{}}
