﻿{"paragraphs":[{"text":"%md\n### Note\n\nPlease view the [README](https://github.com/deeplearning4j/deeplearning4j/tree/master/dl4j-examples/tutorials/README.md) to learn about installing, setting up dependencies, and importing notebooks in Zeppelin","dateUpdated":"2018-06-25T08:46:42+0000","config":{"tableHide":false,"editorSetting":{"language":"markdown","editOnDblClick":true},"colWidth":12,"editorMode":"ace/mode/markdown","editorHide":true,"results":{},"enabled":true},"settings":{"params":{},"forms":{}},"results":{"code":"SUCCESS","msg":[{"type":"HTML","data":"<h3>Note</h3>\n<p>Please view the <a href=\"https://github.com/deeplearning4j/deeplearning4j/tree/master/dl4j-examples/tutorials/README.md\">README</a> to learn about installing, setting up dependencies, and importing notebooks in Zeppelin</p>\n"}]},"apps":[],"jobName":"paragraph_1529916402658_-816625382","id":"20180427-101135_1776229260","dateCreated":"2018-06-25T08:46:42+0000","status":"READY","errorMessage":"","progressUpdateIntervalMs":500,"focus":true,"$$hashKey":"object:12387"},{"text":"%md\n### Background\n\nIn this tutorial we will use a neural network to forecast daily sea temperatures. This tutorial will be similar to tutorial 15 Sea Temperature Convolutional LSTM Example. Recall, that the data consists of 2-dimensional temperature grids of 8 seas: Bengal, Korean, Black, Mediterranean, Arabian, Japan, Bohai, and Okhotsk Seas from 1981 to 2017. The raw data was taken from the Earth System Research Laboratory (https://www.esrl.noaa.gov/psd/) and preprocessed into CSV files. Each example consists of fifty 2-dimensional temperature grids, and every grid is represented by a single row in a CSV file. Thus, each sequence is represented by a CSV file with 50 rows.\n\nFor this task, we will use a convolutional LSTM neural network to forecast 10 days worth of sea temperatures following a given sequence of temperature grids. The network will be trained similarly to the network trained tutorial 15. But the evaluation will be handled differently (applied only to the 10 days following the sequences).","dateUpdated":"2018-06-25T08:46:42+0000","config":{"tableHide":false,"editorSetting":{"language":"markdown","editOnDblClick":true},"colWidth":12,"editorMode":"ace/mode/markdown","editorHide":true,"results":{},"enabled":true},"settings":{"params":{},"forms":{}},"results":{"code":"SUCCESS","msg":[{"type":"HTML","data":"<h3>Background</h3>\n<p>In this tutorial we will use a neural network to forecast daily sea temperatures. This tutorial will be similar to tutorial 15 Sea Temperature Convolutional LSTM Example. Recall, that the data consists of 2-dimensional temperature grids of 8 seas: Bengal, Korean, Black, Mediterranean, Arabian, Japan, Bohai, and Okhotsk Seas from 1981 to 2017. The raw data was taken from the Earth System Research Laboratory (https://www.esrl.noaa.gov/psd/) and preprocessed into CSV files. Each example consists of fifty 2-dimensional temperature grids, and every grid is represented by a single row in a CSV file. Thus, each sequence is represented by a CSV file with 50 rows.</p>\n<p>For this task, we will use a convolutional LSTM neural network to forecast 10 days worth of sea temperatures following a given sequence of temperature grids. The network will be trained similarly to the network trained tutorial 15. But the evaluation will be handled differently (applied only to the 10 days following the sequences).</p>\n"}]},"apps":[],"jobName":"paragraph_1529916402659_-817010131","id":"20180427-094447_1871673343","dateCreated":"2018-06-25T08:46:42+0000","status":"READY","errorMessage":"","progressUpdateIntervalMs":500,"$$hashKey":"object:12388"},{"text":"%md\n### Imports","dateUpdated":"2018-06-25T08:46:42+0000","config":{"tableHide":false,"editorSetting":{"language":"markdown","editOnDblClick":true},"colWidth":12,"editorMode":"ace/mode/markdown","editorHide":true,"results":{},"enabled":true},"settings":{"params":{},"forms":{}},"results":{"code":"SUCCESS","msg":[{"type":"HTML","data":"<h3>Imports</h3>\n"}]},"apps":[],"jobName":"paragraph_1529916402659_-817010131","id":"20180227-193335_1287122015","dateCreated":"2018-06-25T08:46:42+0000","status":"READY","errorMessage":"","progressUpdateIntervalMs":500,"$$hashKey":"object:12389"},{"text":"import org.deeplearning4j.nn.api.OptimizationAlgorithm;\nimport org.deeplearning4j.nn.conf.NeuralNetConfiguration;\nimport org.deeplearning4j.nn.conf.layers.LSTM;\nimport org.deeplearning4j.nn.weights.WeightInit;\nimport org.nd4j.linalg.activations.Activation;\nimport org.nd4j.linalg.api.ndarray.INDArray;\nimport org.deeplearning4j.nn.multilayer.MultiLayerNetwork;\nimport org.nd4j.linalg.dataset.api.iterator.DataSetIterator;\nimport org.deeplearning4j.nn.conf.layers.RnnOutputLayer;\nimport org.deeplearning4j.datasets.datavec.SequenceRecordReaderDataSetIterator;\nimport org.nd4j.linalg.lossfunctions.LossFunctions.LossFunction;\nimport org.deeplearning4j.nn.conf.MultiLayerConfiguration;\nimport org.nd4j.linalg.dataset.DataSet;\nimport org.deeplearning4j.nn.conf.preprocessor.RnnToCnnPreProcessor;\nimport org.deeplearning4j.nn.conf.preprocessor.CnnToRnnPreProcessor;\nimport org.deeplearning4j.nn.conf.GradientNormalization;\nimport org.deeplearning4j.nn.conf.layers;\nimport org.deeplearning4j.eval.RegressionEvaluation;\nimport org.deeplearning4j.nn.conf.layers.ConvolutionLayer.Builder;\nimport org.deeplearning4j.nn.conf.layers.ConvolutionLayer;\nimport org.deeplearning4j.nn.conf.Updater;\nimport org.deeplearning4j.nn.conf.layers.SubsamplingLayer;\n\nimport org.datavec.api.records.reader.impl.csv.CSVSequenceRecordReader;\nimport org.datavec.api.records.reader.SequenceRecordReader;\nimport org.datavec.api.split.NumberedFileInputSplit;\n\nimport org.nd4j.linalg.indexing.NDArrayIndex;\nimport org.nd4j.linalg.factory.Nd4j;\n\nimport java.io.File;\nimport java.net.URL;\nimport java.io.BufferedInputStream;\nimport java.io.FileInputStream;\nimport java.io.BufferedOutputStream;\nimport java.io.FileOutputStream;\n\nimport org.apache.commons.io.FilenameUtils;\nimport org.apache.commons.io.FileUtils;\nimport org.apache.commons.compress.archivers.tar.TarArchiveInputStream;\nimport org.apache.commons.compress.compressors.gzip.GzipCompressorInputStream;\nimport org.apache.commons.compress.archivers.tar.TarArchiveEntry;\n\n","dateUpdated":"2018-06-25T08:46:42+0000","config":{"colWidth":12,"editorMode":"ace/mode/scala","results":{},"enabled":true,"editorSetting":{"language":"scala","editOnDblClick":false}},"settings":{"params":{},"forms":{}},"results":{"code":"SUCCESS","msg":[{"type":"TEXT","data":"import org.deeplearning4j.nn.api.OptimizationAlgorithm\nimport org.deeplearning4j.nn.conf.NeuralNetConfiguration\nimport org.deeplearning4j.nn.conf.layers.GravesLSTM\nimport org.deeplearning4j.nn.weights.WeightInit\nimport org.nd4j.linalg.activations.Activation\nimport org.nd4j.linalg.api.ndarray.INDArray\nimport org.deeplearning4j.nn.multilayer.MultiLayerNetwork\nimport org.nd4j.linalg.dataset.api.iterator.DataSetIterator\nimport org.deeplearning4j.nn.conf.layers.RnnOutputLayer\nimport org.deeplearning4j.datasets.datavec.SequenceRecordReaderDataSetIterator\nimport org.nd4j.linalg.lossfunctions.LossFunctions.LossFunction\nimport org.deeplearning4j.nn.conf.MultiLayerConfiguration\nimport org.nd4j.linalg.dataset.DataSet\nimport org.deeplearning4j.nn.conf.preprocessor.RnnToCnnPreProcessor\nimport org.deeplearning4j.nn.conf.preprocessor.CnnToRnnPreProcessor\nimport org.deeplearning4j.nn.conf.GradientNormalization\nimport org.deeplearning4j.nn.conf.layers\nimport org.deeplearning4j.eval.RegressionEvaluation\nimport org.deeplearning4j.nn.conf.layers.ConvolutionLayer.Builder\nimport org.deeplearning4j.nn.conf.layers.ConvolutionLayer\nimport org.deeplearning4j.nn.conf.Updater\nimport org.deeplearning4j.nn.conf.layers.SubsamplingLayer\nimport org.datavec.api.records.reader.impl.csv.CSVSequenceRecordReader\nimport org.datavec.api.records.reader.SequenceRecordReader\nimport org.datavec.api.split.NumberedFileInputSplit\nimport org.nd4j.linalg.indexing.NDArrayIndex\nimport org.nd4j.linalg.factory.Nd4j\nimport java.io.File\nimport java.net.URL\nimport java.io.BufferedInputStream\nimport java.io.FileInputStream\nimport java.io.BufferedOutputStream\nimport java.io.FileOutputStream\nimport org.apache.commons.io.FilenameUtils\nimport org.apache.commons.io.FileUtils\nimport org.apache.commons.compress.archivers.tar.TarArchiveInputStream\nimport org.apache.commons.compress.compressors.gzip.GzipCompressorInputStream\nimport org.apache.commons.compress.archivers.tar.TarArchiveEntry\n"}]},"apps":[],"jobName":"paragraph_1529916402660_-818933875","id":"20180226-040931_717744155","dateCreated":"2018-06-25T08:46:42+0000","status":"READY","errorMessage":"","progressUpdateIntervalMs":500,"$$hashKey":"object:12390"},{"text":"%md\n### Download Data","dateUpdated":"2018-06-25T08:46:42+0000","config":{"tableHide":false,"editorSetting":{"language":"markdown","editOnDblClick":true},"colWidth":12,"editorMode":"ace/mode/markdown","editorHide":true,"results":{},"enabled":true},"settings":{"params":{},"forms":{}},"results":{"code":"SUCCESS","msg":[{"type":"HTML","data":"<h3>Download Data</h3>\n"}]},"apps":[],"jobName":"paragraph_1529916402660_-818933875","id":"20180227-193345_527268888","dateCreated":"2018-06-25T08:46:42+0000","status":"READY","errorMessage":"","progressUpdateIntervalMs":500,"$$hashKey":"object:12391"},{"text":"%md\nTo download the data, we will create a temporary directory that will store the data files, extract the tar.gz file from the url, and place it in the specified directory","dateUpdated":"2018-06-25T08:46:42+0000","config":{"tableHide":false,"editorSetting":{"language":"markdown","editOnDblClick":true},"colWidth":12,"editorMode":"ace/mode/markdown","editorHide":true,"results":{},"enabled":true},"settings":{"params":{},"forms":{}},"results":{"code":"SUCCESS","msg":[{"type":"HTML","data":"<p>To download the data, we will create a temporary directory that will store the data files, extract the tar.gz file from the url, and place it in the specified directory</p>\n"}]},"apps":[],"jobName":"paragraph_1529916402660_-818933875","id":"20180427-101204_2089308771","dateCreated":"2018-06-25T08:46:42+0000","status":"READY","errorMessage":"","progressUpdateIntervalMs":500,"$$hashKey":"object:12392"},{"text":"val DATA_URL = \"https://bpstore1.blob.core.windows.net/seatemp/sea_temp2.tar.gz\"\nval DATA_PATH = FilenameUtils.concat(System.getProperty(\"java.io.tmpdir\"), \"dl4j_seas/\")","dateUpdated":"2018-06-25T08:46:42+0000","config":{"colWidth":12,"editorMode":"ace/mode/scala","results":{},"enabled":true,"editorSetting":{"language":"scala","editOnDblClick":false}},"settings":{"params":{},"forms":{}},"results":{"code":"SUCCESS","msg":[{"type":"TEXT","data":"DATA_URL: String = https://bpstore1.blob.core.windows.net/seatemp/sea_temp.tar.gz\nDATA_PATH: String = /tmp/dl4j_seas/\n"}]},"apps":[],"jobName":"paragraph_1529916402661_-819318624","id":"20180226-045411_2004973787","dateCreated":"2018-06-25T08:46:42+0000","status":"READY","errorMessage":"","progressUpdateIntervalMs":500,"$$hashKey":"object:12393"},{"text":"val directory = new File(DATA_PATH)\ndirectory.mkdir() \n\nval archizePath = DATA_PATH + \"sea_temp2.tar.gz\"\nval archiveFile = new File(archizePath)\nval extractedPath = DATA_PATH + \"sea_temp\" \nval extractedFile = new File(extractedPath)\n\nFileUtils.copyURLToFile(new URL(DATA_URL), archiveFile) ","dateUpdated":"2018-06-25T08:46:42+0000","config":{"colWidth":12,"editorMode":"ace/mode/scala","results":{},"enabled":true,"editorSetting":{"language":"scala","editOnDblClick":false}},"settings":{"params":{},"forms":{}},"results":{"code":"SUCCESS","msg":[{"type":"TEXT","data":"directory: java.io.File = /tmp/dl4j_seas\nres30: Boolean = false\narchizePath: String = /tmp/dl4j_seas/sea_temp.tar.gz\narchiveFile: java.io.File = /tmp/dl4j_seas/sea_temp.tar.gz\nextractedPath: String = /tmp/dl4j_seas/sea_temp\nextractedFile: java.io.File = /tmp/dl4j_seas/sea_temp\n"}]},"apps":[],"jobName":"paragraph_1529916402661_-819318624","id":"20180226-045622_1883168318","dateCreated":"2018-06-25T08:46:42+0000","status":"READY","errorMessage":"","progressUpdateIntervalMs":500,"$$hashKey":"object:12394"},{"text":"%md\nWe will then extract the data from the tar.gz file, recreate directories within the tar.gz file into our temporary directories, and copy the files from the tar.gz file.","dateUpdated":"2018-06-25T08:46:42+0000","config":{"tableHide":false,"editorSetting":{"language":"markdown","editOnDblClick":true},"colWidth":12,"editorMode":"ace/mode/markdown","editorHide":true,"results":{},"enabled":true},"settings":{"params":{},"forms":{}},"results":{"code":"SUCCESS","msg":[{"type":"HTML","data":"<p>We will then extract the data from the tar.gz file, recreate directories within the tar.gz file into our temporary directories, and copy the files from the tar.gz file.</p>\n"}]},"apps":[],"jobName":"paragraph_1529916402661_-819318624","id":"20180427-101224_1156182441","dateCreated":"2018-06-25T08:46:42+0000","status":"READY","errorMessage":"","progressUpdateIntervalMs":500,"$$hashKey":"object:12395"},{"text":"var fileCount = 0\nvar dirCount = 0\nval BUFFER_SIZE = 4096\nval tais = new TarArchiveInputStream(new GzipCompressorInputStream( new BufferedInputStream( new FileInputStream(archizePath))))\n\nvar entry = tais.getNextEntry().asInstanceOf[TarArchiveEntry]\n\nwhile(entry != null){\n    if (entry.isDirectory()) {\n        new File(DATA_PATH + entry.getName()).mkdirs()\n        dirCount = dirCount + 1\n        fileCount = 0\n    }\n    else {\n        \n        val data = new Array[scala.Byte](4 * BUFFER_SIZE)\n\n        val fos = new FileOutputStream(DATA_PATH + entry.getName());\n        val dest = new BufferedOutputStream(fos, BUFFER_SIZE);\n        var count = tais.read(data, 0, BUFFER_SIZE)\n        \n        while (count != -1) {\n            dest.write(data, 0, count)\n            count = tais.read(data, 0, BUFFER_SIZE)\n        }\n        \n        dest.close()\n        fileCount = fileCount + 1\n    }\n    if(fileCount % 1000 == 0){\n        print(\".\")\n    }\n    \n    entry = tais.getNextEntry().asInstanceOf[TarArchiveEntry]\n}","dateUpdated":"2018-06-25T08:46:42+0000","config":{"colWidth":12,"editorMode":"ace/mode/scala","results":{},"enabled":true,"editorSetting":{"language":"scala","editOnDblClick":false}},"settings":{"params":{},"forms":{}},"results":{"code":"SUCCESS","msg":[{"type":"TEXT","data":"fileCount: Int = 0\ndirCount: Int = 0\nBUFFER_SIZE: Int = 4096\ntais: org.apache.commons.compress.archivers.tar.TarArchiveInputStream = org.apache.commons.compress.archivers.tar.TarArchiveInputStream@5e609bb7\nentry: org.apache.commons.compress.archivers.tar.TarArchiveEntry = org.apache.commons.compress.archivers.tar.TarArchiveEntry@4a7f9eeb\n........."}]},"apps":[],"jobName":"paragraph_1529916402661_-819318624","id":"20180226-045639_615846226","dateCreated":"2018-06-25T08:46:42+0000","status":"READY","errorMessage":"","progressUpdateIntervalMs":500,"$$hashKey":"object:12396"},{"text":"%md\n### DataSetIterators","dateUpdated":"2018-06-25T08:46:42+0000","config":{"tableHide":false,"editorSetting":{"language":"markdown","editOnDblClick":true},"colWidth":12,"editorMode":"ace/mode/markdown","editorHide":true,"results":{},"enabled":true},"settings":{"params":{},"forms":{}},"results":{"code":"SUCCESS","msg":[{"type":"HTML","data":"<h3>DataSetIterators</h3>\n"}]},"apps":[],"jobName":"paragraph_1529916402662_-818164378","id":"20180427-101242_1475310240","dateCreated":"2018-06-25T08:46:42+0000","status":"READY","errorMessage":"","progressUpdateIntervalMs":500,"$$hashKey":"object:12397"},{"text":"%md\nNext we will convert the raw data (csv files) into DataSetIterators, which will be fed into a neural network. Our training data will have 1600 examples which will be represented by a single DataSetIterator, and the testing data will have 136 examples which will be represented by a separate DataSetIterator. The temperatures of the 10 days following the sequences in the training and testing data will be contained in a separate DataSetIterator as well.","dateUpdated":"2018-06-25T08:46:42+0000","config":{"tableHide":false,"editorSetting":{"language":"markdown","editOnDblClick":true},"colWidth":12,"editorMode":"ace/mode/markdown","editorHide":true,"results":{},"enabled":true},"settings":{"params":{},"forms":{}},"results":{"code":"SUCCESS","msg":[{"type":"HTML","data":"<p>Next we will convert the raw data (csv files) into DataSetIterators, which will be fed into a neural network. Our training data will have 1600 examples which will be represented by a single DataSetIterator, and the testing data will have 136 examples which will be represented by a separate DataSetIterator. The temperatures of the 10 days following the sequences in the training and testing data will be contained in a separate DataSetIterator as well.</p>\n"}]},"apps":[],"jobName":"paragraph_1529916402662_-818164378","id":"20180427-101251_531062342","dateCreated":"2018-06-25T08:46:42+0000","status":"READY","errorMessage":"","progressUpdateIntervalMs":500,"$$hashKey":"object:12398"},{"text":"val path = FilenameUtils.concat(DATA_PATH, \"sea_temp/\") // set parent directory\n\nval featureBaseDir = FilenameUtils.concat(path, \"features\") // set feature directory\nval targetsBaseDir = FilenameUtils.concat(path, \"targets\") // set label directory\nval futureBaseDir = FilenameUtils.concat(path, \"futures\") // set futures directory","dateUpdated":"2018-06-25T08:46:42+0000","config":{"colWidth":12,"editorMode":"ace/mode/scala","results":{},"enabled":true,"editorSetting":{"language":"scala","editOnDblClick":false}},"settings":{"params":{},"forms":{}},"results":{"code":"SUCCESS","msg":[{"type":"TEXT","data":"path: String = /tmp/dl4j_seas/sea_temp/\nfeatureBaseDir: String = /tmp/dl4j_seas/sea_temp/features\ntargetsBaseDir: String = /tmp/dl4j_seas/sea_temp/targets\nfutureBaseDir: String = /tmp/dl4j_seas/sea_temp/futures\n"}]},"apps":[],"jobName":"paragraph_1529916402662_-818164378","id":"20180228-202742_352342907","dateCreated":"2018-06-25T08:46:42+0000","status":"READY","errorMessage":"","progressUpdateIntervalMs":500,"$$hashKey":"object:12399"},{"text":"%md\nWe first initialize CSVSequenceRecordReaders, which will parse the raw data into record-like format. Then the SequenceRecordReaderDataSetIterators can be created using the RecordReaders. Since each example has exactly 50 timesteps, an alignment mode of equal length is needed. Note also that this is a regression-based task and not a classification one.\n","dateUpdated":"2018-06-25T08:46:42+0000","config":{"tableHide":false,"editorSetting":{"language":"markdown","editOnDblClick":true},"colWidth":12,"editorMode":"ace/mode/markdown","editorHide":true,"results":{},"enabled":true},"settings":{"params":{},"forms":{}},"results":{"code":"SUCCESS","msg":[{"type":"HTML","data":"<p>We first initialize CSVSequenceRecordReaders, which will parse the raw data into record-like format. Then the SequenceRecordReaderDataSetIterators can be created using the RecordReaders. Since each example has exactly 50 timesteps, an alignment mode of equal length is needed. Note also that this is a regression-based task and not a classification one.</p>\n"}]},"apps":[],"jobName":"paragraph_1529916402663_-818549127","id":"20180427-101321_511368746","dateCreated":"2018-06-25T08:46:42+0000","status":"READY","errorMessage":"","progressUpdateIntervalMs":500,"$$hashKey":"object:12400"},{"text":"val numSkipLines = 1;\nval regression = true;\nval batchSize = 32;\n\nval trainFeatures = new CSVSequenceRecordReader(numSkipLines, \",\");\ntrainFeatures.initialize( new NumberedFileInputSplit(featureBaseDir + \"/%d.csv\", 1, 1600));\nval trainTargets = new CSVSequenceRecordReader(numSkipLines, \",\");\ntrainTargets.initialize(new NumberedFileInputSplit(targetsBaseDir + \"/%d.csv\", 1, 1600));\n\nval train = new SequenceRecordReaderDataSetIterator(trainFeatures, trainTargets, batchSize,\n                10, regression, SequenceRecordReaderDataSetIterator.AlignmentMode.EQUAL_LENGTH);\n                \n                \nval testFeatures = new CSVSequenceRecordReader(numSkipLines, \",\");\ntestFeatures.initialize( new NumberedFileInputSplit(featureBaseDir + \"/%d.csv\", 1601, 1736));\nval testTargets = new CSVSequenceRecordReader(numSkipLines, \",\");\ntestTargets.initialize(new NumberedFileInputSplit(targetsBaseDir + \"/%d.csv\", 1601, 1736));\n\nval test = new SequenceRecordReaderDataSetIterator(testFeatures, testTargets, batchSize,\n                10, regression, SequenceRecordReaderDataSetIterator.AlignmentMode.EQUAL_LENGTH);\n                \nval futureFeatures = new CSVSequenceRecordReader(numSkipLines, \",\");\nfutureFeatures.initialize( new NumberedFileInputSplit(futureBaseDir + \"/%d.csv\", 1601, 1736));\nval futureLabels = new CSVSequenceRecordReader(numSkipLines, \",\");\nfutureLabels.initialize(new NumberedFileInputSplit(futureBaseDir + \"/%d.csv\", 1601, 1736));\n\nval future = new SequenceRecordReaderDataSetIterator(futureFeatures, futureLabels, batchSize,\n                10, regression, SequenceRecordReaderDataSetIterator.AlignmentMode.EQUAL_LENGTH);","dateUpdated":"2018-06-25T08:46:42+0000","config":{"colWidth":12,"editorMode":"ace/mode/scala","results":{},"enabled":true,"editorSetting":{"language":"scala","editOnDblClick":false}},"settings":{"params":{},"forms":{}},"results":{"code":"SUCCESS","msg":[{"type":"TEXT","data":"numSkipLines: Int = 1\nregression: Boolean = true\nbatchSize: Int = 32\ntrainFeatures: org.datavec.api.records.reader.impl.csv.CSVSequenceRecordReader = org.datavec.api.records.reader.impl.csv.CSVSequenceRecordReader@437139fd\ntrainTargets: org.datavec.api.records.reader.impl.csv.CSVSequenceRecordReader = org.datavec.api.records.reader.impl.csv.CSVSequenceRecordReader@799a6f9\ntrain: org.deeplearning4j.datasets.datavec.SequenceRecordReaderDataSetIterator = org.deeplearning4j.datasets.datavec.SequenceRecordReaderDataSetIterator@56fc340a\ntestFeatures: org.datavec.api.records.reader.impl.csv.CSVSequenceRecordReader = org.datavec.api.records.reader.impl.csv.CSVSequenceRecordReader@104fc4e4\ntestTargets: org.datavec.api.records.reader.impl.csv.CSVSequenceRecordReader = org.datavec.api.records.reader.impl.csv.CSVSequenceRecordReader@288acc12\ntest: org.deeplearning4j.datasets.datavec.SequenceRecordReaderDataSetIterator = org.deeplearning4j.datasets.datavec.SequenceRecordReaderDataSetIterator@1cb6ebe\nfutureFeatures: org.datavec.api.records.reader.impl.csv.CSVSequenceRecordReader = org.datavec.api.records.reader.impl.csv.CSVSequenceRecordReader@2daa4eb7\nfutureLabels: org.datavec.api.records.reader.impl.csv.CSVSequenceRecordReader = org.datavec.api.records.reader.impl.csv.CSVSequenceRecordReader@6f3bf4e4\nfuture: org.deeplearning4j.datasets.datavec.SequenceRecordReaderDataSetIterator = org.deeplearning4j.datasets.datavec.SequenceRecordReaderDataSetIterator@34099599\n"}]},"apps":[],"jobName":"paragraph_1529916402663_-818549127","id":"20180228-203010_961096132","dateCreated":"2018-06-25T08:46:42+0000","status":"READY","errorMessage":"","progressUpdateIntervalMs":500,"$$hashKey":"object:12401"},{"text":"%md \n\n### Neural Network","dateUpdated":"2018-06-25T08:46:42+0000","config":{"tableHide":false,"editorSetting":{"language":"markdown","editOnDblClick":true},"colWidth":12,"editorMode":"ace/mode/markdown","editorHide":true,"results":{},"enabled":true},"settings":{"params":{},"forms":{}},"results":{"code":"SUCCESS","msg":[{"type":"HTML","data":"<h3>Neural Network</h3>\n"}]},"apps":[],"jobName":"paragraph_1529916402663_-818549127","id":"20180427-101342_534752234","dateCreated":"2018-06-25T08:46:42+0000","status":"READY","errorMessage":"","progressUpdateIntervalMs":500,"$$hashKey":"object:12402"},{"text":"%md\nThe next task is to initialize the  parameters for the convolutional LSTM neural network and then set up the neural network configuration.\n","dateUpdated":"2018-06-25T08:46:42+0000","config":{"tableHide":false,"editorSetting":{"language":"markdown","editOnDblClick":true},"colWidth":12,"editorMode":"ace/mode/markdown","editorHide":true,"results":{},"enabled":true},"settings":{"params":{},"forms":{}},"results":{"code":"SUCCESS","msg":[{"type":"HTML","data":"<p>The next task is to initialize the  parameters for the convolutional LSTM neural network and then set up the neural network configuration.</p>\n"}]},"apps":[],"jobName":"paragraph_1529916402663_-818549127","id":"20180427-101353_1408293510","dateCreated":"2018-06-25T08:46:42+0000","status":"READY","errorMessage":"","progressUpdateIntervalMs":500,"$$hashKey":"object:12403"},{"text":"val V_HEIGHT = 13;\nval V_WIDTH = 4;\nval kernelSize = 2;\nval numChannels = 1;","dateUpdated":"2018-06-25T08:46:42+0000","config":{"colWidth":12,"editorMode":"ace/mode/scala","results":{},"enabled":true,"editorSetting":{"language":"scala","editOnDblClick":false}},"settings":{"params":{},"forms":{}},"results":{"code":"SUCCESS","msg":[{"type":"TEXT","data":"V_HEIGHT: Int = 13\nV_WIDTH: Int = 4\nkernelSize: Int = 2\nnumChannels: Int = 1\n"}]},"apps":[],"jobName":"paragraph_1529916402664_-820472871","id":"20180226-040942_1672801042","dateCreated":"2018-06-25T08:46:42+0000","status":"READY","errorMessage":"","progressUpdateIntervalMs":500,"$$hashKey":"object:12404"},{"text":"%md\n\nIn the neural network configuraiton we will use the convolutional layer, subsampling layer, LSTM layer, and output layer in success. In order to do this, we need to use the RnnToCnnPreProcessor and CnnToRnnPreprocessor. The RnnToCnnPreProcessor is used to reshape the 3-dimensional input from [batch size, height x width of grid, time series length ] into a 4 dimensional shape [number of examples x time series length , channels, width, height] which is suitable as input to a convolutional layer. The CnnToRnnPreProcessor is then used in a later layer to convert this convolutional shape back to the original 3-dimensional shape.","dateUpdated":"2018-06-25T08:46:42+0000","config":{"tableHide":false,"editorSetting":{"language":"markdown","editOnDblClick":true},"colWidth":12,"editorMode":"ace/mode/markdown","editorHide":true,"results":{},"enabled":true},"settings":{"params":{},"forms":{}},"results":{"code":"SUCCESS","msg":[{"type":"HTML","data":"<p>In the neural network configuraiton we will use the convolutional layer, subsampling layer, LSTM layer, and output layer in success. In order to do this, we need to use the RnnToCnnPreProcessor and CnnToRnnPreprocessor. The RnnToCnnPreProcessor is used to reshape the 3-dimensional input from [batch size, height x width of grid, time series length ] into a 4 dimensional shape [number of examples x time series length , channels, width, height] which is suitable as input to a convolutional layer. The CnnToRnnPreProcessor is then used in a later layer to convert this convolutional shape back to the original 3-dimensional shape.</p>\n"}]},"apps":[],"jobName":"paragraph_1529916402664_-820472871","id":"20180227-194623_1042566542","dateCreated":"2018-06-25T08:46:42+0000","status":"READY","errorMessage":"","progressUpdateIntervalMs":500,"$$hashKey":"object:12405"},{"text":" val conf = new NeuralNetConfiguration.Builder()\n    .optimizationAlgo(OptimizationAlgorithm.STOCHASTIC_GRADIENT_DESCENT)\n    .seed(12345)\n    .updater(Updater.ADAM)\n    .weightInit(WeightInit.XAVIER)\n    .list()\n    .layer(0, new ConvolutionLayer.Builder(kernelSize, kernelSize)\n        .nIn(numChannels) //1 channel\n        .nOut(7)\n        .stride(2, 2)\n        .activation(Activation.RELU)\n        .build())\n    .layer(1, new SubsamplingLayer.Builder(SubsamplingLayer.PoolingType.MAX)\n        .kernelSize(kernelSize, kernelSize)\n        .stride(2, 2).build())\n    .layer(2, new LSTM.Builder()\n        .activation(Activation.SOFTSIGN)\n        .nIn(21)\n        .nOut(100)\n        .gradientNormalization(GradientNormalization.ClipElementWiseAbsoluteValue)\n        .gradientNormalizationThreshold(10)\n        .build())\n    .layer(3, new RnnOutputLayer.Builder(LossFunction.MSE)\n        .activation(Activation.IDENTITY)\n        .nIn(100)\n        .nOut(52)\n        .gradientNormalization(GradientNormalization.ClipElementWiseAbsoluteValue)\n        .gradientNormalizationThreshold(10)\n        .build())\n    .inputPreProcessor(0, new RnnToCnnPreProcessor(V_HEIGHT, V_WIDTH, numChannels))\n    .inputPreProcessor(2, new CnnToRnnPreProcessor(3, 1, 7 ))\n    .pretrain(false).backprop(true)\n    .build();\n    \nval net = new MultiLayerNetwork(conf);\nnet.init();","dateUpdated":"2018-06-25T08:46:42+0000","config":{"colWidth":12,"editorMode":"ace/mode/scala","results":{},"enabled":true,"editorSetting":{"language":"scala","editOnDblClick":false}},"settings":{"params":{},"forms":{}},"results":{"code":"SUCCESS","msg":[{"type":"TEXT","data":"warning: there were 1 deprecation warning(s); re-run with -deprecation for details\nconf: org.deeplearning4j.nn.conf.MultiLayerConfiguration = \n{\n  \"backprop\" : true,\n  \"backpropType\" : \"Standard\",\n  \"cacheMode\" : \"NONE\",\n  \"confs\" : [ {\n    \"cacheMode\" : \"NONE\",\n    \"epochCount\" : 0,\n    \"iterationCount\" : 0,\n    \"l1ByParam\" : { },\n    \"l2ByParam\" : { },\n    \"layer\" : {\n      \"convolution\" : {\n        \"activationFn\" : {\n          \"ReLU\" : { }\n        },\n        \"biasInit\" : 0.0,\n        \"biasUpdater\" : null,\n        \"constraints\" : null,\n        \"convolutionMode\" : \"Truncate\",\n        \"cudnnAlgoMode\" : \"PREFER_FASTEST\",\n        \"cudnnBwdDataAlgo\" : null,\n        \"cudnnBwdFilterAlgo\" : null,\n        \"cudnnFwdAlgo\" : null,\n        \"dilation\" : [ 1, 1 ],\n        \"dist\" : null,\n        \"gradientNormalization\" : \"None\",\n        \"gradientNormalizationThreshold\" : 1.0,\n     ..."}]},"apps":[],"jobName":"paragraph_1529916402664_-820472871","id":"20180413-072326_1913210724","dateCreated":"2018-06-25T08:46:42+0000","status":"READY","errorMessage":"","progressUpdateIntervalMs":500,"$$hashKey":"object:12406"},{"text":"%md\n\n### Model Training","dateUpdated":"2018-06-25T08:46:42+0000","config":{"tableHide":false,"editorSetting":{"language":"markdown","editOnDblClick":true},"colWidth":12,"editorMode":"ace/mode/markdown","editorHide":true,"results":{},"enabled":true},"settings":{"params":{},"forms":{}},"results":{"code":"SUCCESS","msg":[{"type":"HTML","data":"<h3>Model Training</h3>\n"}]},"apps":[],"jobName":"paragraph_1529916402665_-820857620","id":"20180427-101404_1009418862","dateCreated":"2018-06-25T08:46:42+0000","status":"READY","errorMessage":"","progressUpdateIntervalMs":500,"$$hashKey":"object:12407"},{"text":"%md\nTo train the model, we use 15 epochs with a for loop and simply call the fit method of the MultiLayerNetwork.","dateUpdated":"2018-06-25T08:46:42+0000","config":{"tableHide":false,"editorSetting":{"language":"markdown","editOnDblClick":true},"colWidth":12,"editorMode":"ace/mode/markdown","editorHide":true,"results":{},"enabled":true},"settings":{"params":{},"forms":{}},"results":{"code":"SUCCESS","msg":[{"type":"HTML","data":"<p>To train the model, we use 15 epochs with a for loop and simply call the fit method of the MultiLayerNetwork.</p>\n"}]},"apps":[],"jobName":"paragraph_1529916402665_-820857620","id":"20180427-101418_1231943534","dateCreated":"2018-06-25T08:46:42+0000","status":"READY","errorMessage":"","progressUpdateIntervalMs":500,"$$hashKey":"object:12408"},{"text":"// Train model on training set\n\nfor( epoch <- 1 to 15){\n    println(\"Epoch \"+ epoch);\n    net.fit( train );\n    train.reset();\n}","dateUpdated":"2018-06-25T08:46:42+0000","config":{"colWidth":12,"editorMode":"ace/mode/scala","results":{},"enabled":true,"editorSetting":{"language":"scala","editOnDblClick":false}},"settings":{"params":{},"forms":{}},"results":{"code":"SUCCESS","msg":[{"type":"TEXT","data":"Epoch 1\nEpoch 2\nEpoch 3\nEpoch 4\nEpoch 5\nEpoch 6\nEpoch 7\nEpoch 8\nEpoch 9\nEpoch 10\nEpoch 11\nEpoch 12\nEpoch 13\nEpoch 14\nEpoch 15\n"}]},"apps":[],"jobName":"paragraph_1529916402665_-820857620","id":"20180226-041443_1106893390","dateCreated":"2018-06-25T08:46:42+0000","status":"READY","errorMessage":"","progressUpdateIntervalMs":500,"$$hashKey":"object:12409"},{"text":"%md\n### Model Evaluation","dateUpdated":"2018-06-25T08:46:42+0000","config":{"tableHide":false,"editorSetting":{"language":"markdown","editOnDblClick":true},"colWidth":12,"editorMode":"ace/mode/markdown","editorHide":true,"results":{},"enabled":true},"settings":{"params":{},"forms":{}},"results":{"code":"SUCCESS","msg":[{"type":"HTML","data":"<h3>Model Evaluation</h3>\n"}]},"apps":[],"jobName":"paragraph_1529916402665_-820857620","id":"20180427-101432_140669222","dateCreated":"2018-06-25T08:46:42+0000","status":"READY","errorMessage":"","progressUpdateIntervalMs":500,"$$hashKey":"object:12410"},{"text":"%md\nWe will now evaluate our trained model. Note that we will use RegressionEvaluation, since our task is a regression and not a classification task. We will only evaluate the model using the temperature of the 10 days following the given sequence of daily temperatures and not on the temperatures of the days in the sequence. This will be done using the rnnTimeStep() method of the MultiLayerNetwork.\n","dateUpdated":"2018-06-25T08:46:42+0000","config":{"tableHide":false,"editorSetting":{"language":"markdown","editOnDblClick":true},"colWidth":12,"editorMode":"ace/mode/markdown","editorHide":true,"results":{},"enabled":true},"settings":{"params":{},"forms":{}},"results":{"code":"SUCCESS","msg":[{"type":"HTML","data":"<p>We will now evaluate our trained model. Note that we will use RegressionEvaluation, since our task is a regression and not a classification task. We will only evaluate the model using the temperature of the 10 days following the given sequence of daily temperatures and not on the temperatures of the days in the sequence. This will be done using the rnnTimeStep() method of the MultiLayerNetwork.</p>\n"}]},"apps":[],"jobName":"paragraph_1529916402666_-819703373","id":"20180427-101434_77957575","dateCreated":"2018-06-25T08:46:42+0000","status":"READY","errorMessage":"","progressUpdateIntervalMs":500,"$$hashKey":"object:12411"},{"text":"val eval = new RegressionEvaluation();\n\ntest.reset();\nfuture.reset();\n\nwhile(test.hasNext()) {\n    val next = test.next();\n    val features = next.getFeatures();\n\n    var pred =  Nd4j.zeros(1, 2);\n\n    for(i <- 0 to 49){\n        pred = net.rnnTimeStep(features.get(NDArrayIndex.all(), NDArrayIndex.all(), NDArrayIndex.interval(i,i+1)));\n    }\n\n    val correct = future.next();\n    val cFeatures = correct.getFeatures();\n\n    for(i <- 0 to 9){\n        eval.evalTimeSeries(pred, cFeatures.get(NDArrayIndex.all(), NDArrayIndex.all(), NDArrayIndex.interval(i,i+1)));\n        pred = net.rnnTimeStep(pred);\n    }\n    net.rnnClearPreviousState();\n}","dateUpdated":"2018-06-25T08:46:42+0000","config":{"tableHide":true,"editorSetting":{"language":"scala","editOnDblClick":false},"colWidth":12,"editorMode":"ace/mode/scala","editorHide":false,"results":{},"enabled":true},"settings":{"params":{},"forms":{}},"results":{"code":"SUCCESS","msg":[{"type":"TEXT","data":"eval: org.deeplearning4j.eval.RegressionEvaluation = RegressionEvaluation(initialized=false, columnNames=null, precision=5, exampleCountPerColumn=null, labelsSumPerColumn=null, sumSquaredErrorsPerColumn=null, sumAbsErrorsPerColumn=null, currentMean=null, currentPredictionMean=null, sumOfProducts=null, sumSquaredLabels=null, sumSquaredPredicted=null, sumSquaredLabelDeviations=null)\n"}]},"apps":[],"jobName":"paragraph_1529916402666_-819703373","id":"20180413-073120_1791765572","dateCreated":"2018-06-25T08:46:42+0000","status":"READY","errorMessage":"","progressUpdateIntervalMs":500,"$$hashKey":"object:12412"},{"text":"%md\n\nHere we print out the evaluation statistics.","dateUpdated":"2018-06-25T08:46:42+0000","config":{"tableHide":false,"editorSetting":{"language":"markdown","editOnDblClick":true},"colWidth":12,"editorMode":"ace/mode/markdown","editorHide":true,"results":{},"enabled":true},"settings":{"params":{},"forms":{}},"results":{"code":"SUCCESS","msg":[{"type":"HTML","data":"<p>Here we print out the evaluation statistics.</p>\n"}]},"apps":[],"jobName":"paragraph_1529916402666_-819703373","id":"20180413-074529_757201838","dateCreated":"2018-06-25T08:46:42+0000","status":"READY","errorMessage":"","progressUpdateIntervalMs":500,"$$hashKey":"object:12413"},{"text":"println(eval.stats())","dateUpdated":"2018-06-25T08:46:42+0000","config":{"colWidth":12,"editorMode":"ace/mode/scala","results":{},"enabled":true,"editorSetting":{"language":"scala","editOnDblClick":false}},"settings":{"params":{},"forms":{}},"results":{"code":"SUCCESS","msg":[{"type":"TEXT","data":"Column     MSE            MAE            RMSE           RSE            PC             R^2            \ncol_0      3.22927e+00    1.36896e+00    1.79702e+00    3.81720e-02    9.90435e-01    9.61801e-01    \ncol_1      2.89849e+00    1.30238e+00    1.70249e+00    3.42168e-02    9.91308e-01    9.65761e-01    \ncol_2      2.87333e+00    1.28205e+00    1.69509e+00    3.35982e-02    9.91324e-01    9.66379e-01    \ncol_3      3.01079e+00    1.27686e+00    1.73516e+00    3.51906e-02    9.90614e-01    9.64784e-01    \ncol_4      2.67751e+00    1.23832e+00    1.63631e+00    3.13597e-02    9.91739e-01    9.68619e-01    \ncol_5      2.63480e+00    1.22991e+00    1.62321e+00    3.10376e-02    9.92358e-01    9.68939e-01    \ncol_6      2.36856e+00    1.14765e+00    1.53901e+00    2.75858e-02    9.92828e-01    9.72396e-01    \ncol_7      2.93465e+00    1.30341e+00    1.71308e+00    3.42955e-02    9.91844e-01    9.65681e-01    \ncol_8      2.51592e+00    1.20445e+00    1.58617e+00    2.94032e-02    9.92489e-01    9.70579e-01    \ncol_9      2.46943e+00    1.18451e+00    1.57144e+00    2.86316e-02    9.93010e-01    9.71352e-01    \ncol_10     2.52427e+00    1.19662e+00    1.58880e+00    2.94543e-02    9.92949e-01    9.70526e-01    \ncol_11     2.65364e+00    1.23616e+00    1.62900e+00    3.11533e-02    9.92084e-01    9.68826e-01    \ncol_12     2.24471e+00    1.12530e+00    1.49824e+00    2.60706e-02    9.93279e-01    9.73913e-01    \ncol_13     2.17575e+00    1.09226e+00    1.47504e+00    2.52736e-02    9.93311e-01    9.74712e-01    \ncol_14     2.30885e+00    1.13632e+00    1.51949e+00    2.71022e-02    9.93092e-01    9.72882e-01    \ncol_15     2.45809e+00    1.17362e+00    1.56783e+00    2.87028e-02    9.92248e-01    9.71279e-01    \ncol_16     2.33857e+00    1.15830e+00    1.52924e+00    2.74666e-02    9.93497e-01    9.72516e-01    \ncol_17     2.55538e+00    1.21730e+00    1.59856e+00    3.03596e-02    9.93009e-01    9.69622e-01    \ncol_18     2.42994e+00    1.17041e+00    1.55883e+00    2.87857e-02    9.92796e-01    9.71196e-01    \ncol_19     2.35696e+00    1.13486e+00    1.53524e+00    2.74586e-02    9.92295e-01    9.72524e-01    \ncol_20     2.31661e+00    1.15013e+00    1.52204e+00    2.73395e-02    9.93274e-01    9.72643e-01    \ncol_21     2.46788e+00    1.18560e+00    1.57095e+00    2.94370e-02    9.92865e-01    9.70543e-01    \ncol_22     2.48171e+00    1.17837e+00    1.57535e+00    2.94734e-02    9.92337e-01    9.70508e-01    \ncol_23     2.58166e+00    1.19964e+00    1.60675e+00    3.06056e-02    9.92117e-01    9.69375e-01    \ncol_24     2.33966e+00    1.14681e+00    1.52959e+00    2.73445e-02    9.92881e-01    9.72639e-01    \ncol_25     2.49232e+00    1.19030e+00    1.57871e+00    2.96527e-02    9.92593e-01    9.70330e-01    \ncol_26     2.59915e+00    1.20640e+00    1.61219e+00    3.09745e-02    9.92112e-01    9.69007e-01    \ncol_27     2.50550e+00    1.15792e+00    1.58288e+00    2.94018e-02    9.91759e-01    9.70582e-01    \ncol_28     2.55112e+00    1.19813e+00    1.59722e+00    3.03447e-02    9.92511e-01    9.69639e-01    \ncol_29     2.51658e+00    1.18465e+00    1.58637e+00    2.98504e-02    9.92402e-01    9.70132e-01    \ncol_30     2.46522e+00    1.15835e+00    1.57010e+00    2.94351e-02    9.92047e-01    9.70548e-01    \ncol_31     2.65670e+00    1.20953e+00    1.62994e+00    3.15280e-02    9.91552e-01    9.68453e-01    \ncol_32     2.52005e+00    1.19610e+00    1.58747e+00    3.00479e-02    9.92713e-01    9.69933e-01    \ncol_33     2.37071e+00    1.13366e+00    1.53971e+00    2.84020e-02    9.92535e-01    9.71579e-01    \ncol_34     2.57624e+00    1.18754e+00    1.60507e+00    3.08970e-02    9.91938e-01    9.69085e-01    \ncol_35     2.58087e+00    1.18826e+00    1.60651e+00    3.08291e-02    9.91796e-01    9.69151e-01    \ncol_36     2.34297e+00    1.13371e+00    1.53068e+00    2.80887e-02    9.92741e-01    9.71896e-01    \ncol_37     2.46036e+00    1.16713e+00    1.56855e+00    2.97101e-02    9.92350e-01    9.70273e-01    \ncol_38     2.51503e+00    1.17441e+00    1.58589e+00    3.05141e-02    9.92196e-01    9.69468e-01    \ncol_39     2.34504e+00    1.13630e+00    1.53135e+00    2.80693e-02    9.91910e-01    9.71913e-01    \ncol_40     2.37585e+00    1.14712e+00    1.54138e+00    2.88023e-02    9.92660e-01    9.71182e-01    \ncol_41     2.29747e+00    1.12815e+00    1.51574e+00    2.78626e-02    9.92357e-01    9.72121e-01    \ncol_42     2.42660e+00    1.18248e+00    1.55776e+00    2.97893e-02    9.92102e-01    9.70192e-01    \ncol_43     2.06033e+00    1.08716e+00    1.43538e+00    2.46060e-02    9.91935e-01    9.75381e-01    \ncol_44     2.28273e+00    1.14266e+00    1.51087e+00    2.80840e-02    9.92468e-01    9.71898e-01    \ncol_45     2.18430e+00    1.11548e+00    1.47794e+00    2.67544e-02    9.92108e-01    9.73231e-01    \ncol_46     2.39719e+00    1.19604e+00    1.54829e+00    2.97884e-02    9.91498e-01    9.70195e-01    \ncol_47     2.33805e+00    1.18513e+00    1.52907e+00    2.84736e-02    9.90770e-01    9.71511e-01    \ncol_48     2.42259e+00    1.19991e+00    1.55647e+00    2.98753e-02    9.91827e-01    9.70109e-01    \ncol_49     2.42726e+00    1.19240e+00    1.55797e+00    3.00971e-02    9.90888e-01    9.69885e-01    \ncol_50     2.41412e+00    1.19972e+00    1.55374e+00    2.98980e-02    9.89893e-01    9.70084e-01    \ncol_51     2.47440e+00    1.23076e+00    1.57302e+00    3.04878e-02    9.89319e-01    9.69494e-01    \n\n"}]},"apps":[],"jobName":"paragraph_1529916402666_-819703373","id":"20180413-073217_1173632457","dateCreated":"2018-06-25T08:46:42+0000","status":"READY","errorMessage":"","progressUpdateIntervalMs":500,"$$hashKey":"object:12414"},{"dateUpdated":"2018-06-25T08:46:42+0000","config":{"colWidth":12,"editorMode":"ace/mode/scala","results":{},"enabled":true,"editorSetting":{"language":"scala","editOnDblClick":false}},"settings":{"params":{},"forms":{}},"apps":[],"jobName":"paragraph_1529916402667_-820088122","id":"20180228-203637_482752207","dateCreated":"2018-06-25T08:46:42+0000","status":"READY","errorMessage":"","progressUpdateIntervalMs":500,"$$hashKey":"object:12415"}],"name":"Sea Temperature Convolutional LSTM Example","id":"2DGUM7QRZ","angularObjects":{"2DKTVHEQG:existing_process":[],"2DJ4SFCPD:existing_process":[],"2DJJJ8C1V:existing_process":[],"2DHBWPF6M:existing_process":[],"2DJB51UJ1:existing_process":[],"2DHQZP5Q3:existing_process":[],"2DKS7J9U9:existing_process":[],"2DHPXD7E1:existing_process":[]},"config":{"looknfeel":"default","personalizedMode":"false"},"info":{}}